{"posici\u00f3n":"C","altura (cm)":192.873442623,"peso (kg)":305.1639344262,"IMC":82.0903586687}
{"posici\u00f3n":"CB","altura (cm)":182.5708994709,"peso (kg)":193.0476190476,"IMC":57.9558208847}
{"posici\u00f3n":"DB","altura (cm)":190.5,"peso (kg)":214.0,"IMC":58.9690068269}
{"posici\u00f3n":"DE","altura (cm)":192.7879389313,"peso (kg)":272.5801526718,"IMC":73.395549317}
{"posici\u00f3n":"DT","altura (cm)":191.2137190083,"peso (kg)":306.1570247934,"IMC":83.8191251529}
{"posici\u00f3n":"FB","altura (cm)":185.0571428571,"peso (kg)":248.1428571429,"IMC":72.4154619229}
{"posici\u00f3n":"FS","altura (cm)":183.2979746835,"peso (kg)":202.8734177215,"IMC":60.4239667525}
{"posici\u00f3n":"G","altura (cm)":194.2743925234,"peso (kg)":314.0747663551,"IMC":83.2793217197}
{"posici\u00f3n":"ILB","altura (cm)":187.0587096774,"peso (kg)":235.0107526882,"IMC":67.208977779}
{"posici\u00f3n":"LB","altura (cm)":195.58,"peso (kg)":253.0,"IMC":66.1411341376}
{"posici\u00f3n":"MLB","altura (cm)":187.325,"peso (kg)":233.875,"IMC":66.7003670917}
{"posici\u00f3n":"NT","altura (cm)":191.055625,"peso (kg)":322.875,"IMC":88.5494739584}
{"posici\u00f3n":"OLB","altura (cm)":190.9703703704,"peso (kg)":248.4296296296,"IMC":68.0944827469}
{"posici\u00f3n":"QB","altura (cm)":189.7216129032,"peso (kg)":220.5,"IMC":61.2903406061}
{"posici\u00f3n":"RB","altura (cm)":180.2996825397,"peso (kg)":214.3253968254,"IMC":65.9360629114}
{"posici\u00f3n":"SS","altura (cm)":183.1535384615,"peso (kg)":203.6461538462,"IMC":60.7320567694}
{"posici\u00f3n":"T","altura (cm)":197.9246153846,"peso (kg)":316.5726495726,"IMC":80.8352402698}
{"posici\u00f3n":"TE","altura (cm)":194.6507317073,"peso (kg)":248.9349593496,"IMC":65.7341864794}
{"posici\u00f3n":"WR","altura (cm)":184.7736607143,"peso (kg)":199.1607142857,"IMC":58.3217972658}
